Zone1Setpoint,Zone1Setpoint,Zone1Temperature,Zone1Temperature,Zone2Setpoint,Zone2Setpoint,Zone2Temperature,Zone2Temperature
time,value,time,value,time,value,time,value
9/5/2013 7:25,65,9/5/2013 7:25,65.4,9/5/2013 7:25,68,9/5/2013 7:25,68.1
9/5/2013 7:26,65,9/5/2013 7:26,64.3,9/5/2013 7:26,68,9/5/2013 7:26,67.6
9/5/2013 7:27,65,9/5/2013 7:27,65.2,9/5/2013 7:27,68,9/5/2013 7:27,68.8
9/5/2013 7:28,65,9/5/2013 7:28,66.3,9/5/2013 7:28,68,9/5/2013 7:28,68.7
9/5/2013 7:29,65,9/5/2013 7:29,67.3,9/5/2013 7:29,68,9/5/2013 7:29,67.0
9/5/2013 7:30,65,9/5/2013 7:30,65.9,9/5/2013 7:30,68,9/5/2013 7:30,67.1
9/5/2013 7:31,65,9/5/2013 7:31,64.6,9/5/2013 7:31,68,9/5/2013 7:31,67.2
9/5/2013 7:32,65,9/5/2013 7:32,65.7,9/5/2013 7:32,68,9/5/2013 7:32,67.4
9/5/2013 7:33,65,9/5/2013 7:33,63.4,9/5/2013 7:33,68,9/5/2013 7:33,68.9
9/5/2013 7:34,65,9/5/2013 7:34,63.0,9/5/2013 7:34,68,9/5/2013 7:34,67.7
9/5/2013 7:35,65,9/5/2013 7:35,65.9,9/5/2013 7:35,68,9/5/2013 7:35,68.0
9/5/2013 7:36,65,9/5/2013 7:36,64.6,9/5/2013 7:36,68,9/5/2013 7:36,69.3
9/5/2013 7:37,65,9/5/2013 7:37,63.2,9/5/2013 7:37,68,9/5/2013 7:37,67.7
9/5/2013 7:38,65,9/5/2013 7:38,65.8,9/5/2013 7:38,68,9/5/2013 7:38,69.1
9/5/2013 7:39,65,9/5/2013 7:39,63.3,9/5/2013 7:39,68,9/5/2013 7:39,69.4
9/5/2013 7:40,65,9/5/2013 7:40,67.3,9/5/2013 7:40,68,9/5/2013 7:40,69.0
9/5/2013 7:41,65,9/5/2013 7:41,64.7,9/5/2013 7:41,68,9/5/2013 7:41,68.5
9/5/2013 7:42,65,9/5/2013 7:42,64.1,9/5/2013 7:42,68,9/5/2013 7:42,66.9
9/5/2013 7:43,65,9/5/2013 7:43,63.1,9/5/2013 7:43,68,9/5/2013 7:43,69.3
9/5/2013 7:44,65,9/5/2013 7:44,63.6,9/5/2013 7:44,68,9/5/2013 7:44,69.2
9/5/2013 7:45,65,9/5/2013 7:45,65.3,9/5/2013 7:45,68,9/5/2013 7:45,68.6
9/5/2013 7:46,65,9/5/2013 7:46,66.7,9/5/2013 7:46,68,9/5/2013 7:46,68.8
9/5/2013 7:47,65,9/5/2013 7:47,62.5,9/5/2013 7:47,68,9/5/2013 7:47,67.9
9/5/2013 7:48,65,9/5/2013 7:48,66.0,9/5/2013 7:48,68,9/5/2013 7:48,67.5
9/5/2013 7:49,65,9/5/2013 7:49,65.4,9/5/2013 7:49,68,9/5/2013 7:49,67.7
9/5/2013 7:50,65,9/5/2013 7:50,63.6,9/5/2013 7:50,68,9/5/2013 7:50,68.2
9/5/2013 7:51,65,9/5/2013 7:51,64.0,9/5/2013 7:51,68,9/5/2013 7:51,67.0
9/5/2013 7:52,65,9/5/2013 7:52,66.8,9/5/2013 7:52,68,9/5/2013 7:52,68.4
9/5/2013 7:53,65,9/5/2013 7:53,63.2,9/5/2013 7:53,68,9/5/2013 7:53,67.0
9/5/2013 7:54,65,9/5/2013 7:54,66.2,9/5/2013 7:54,68,9/5/2013 7:54,69.0
9/5/2013 7:55,65,9/5/2013 7:55,65.7,9/5/2013 7:55,68,9/5/2013 7:55,67.4
9/5/2013 7:56,65,9/5/2013 7:56,62.9,9/5/2013 7:56,68,9/5/2013 7:56,67.2
9/5/2013 7:57,65,9/5/2013 7:57,62.5,9/5/2013 7:57,68,9/5/2013 7:57,69.2
9/5/2013 7:59,65,9/5/2013 7:59,67.0,9/5/2013 7:59,68,9/5/2013 7:59,68.9
9/5/2013 8:00,65,9/5/2013 8:00,65.2,9/5/2013 8:00,68,9/5/2013 8:00,67.8
9/5/2013 8:01,65,9/5/2013 8:01,65.8,9/5/2013 8:01,68,9/5/2013 8:01,69.1
9/5/2013 8:02,65,9/5/2013 8:02,64.6,9/5/2013 8:02,68,9/5/2013 8:02,69.3
9/5/2013 8:03,65,9/5/2013 8:03,63.1,9/5/2013 8:03,68,9/5/2013 8:03,69.5
9/5/2013 8:04,65,9/5/2013 8:04,63.2,9/5/2013 8:04,68,9/5/2013 8:04,67.6
9/5/2013 8:05,65,9/5/2013 8:05,65.4,9/5/2013 8:05,68,9/5/2013 8:05,68.0
9/5/2013 8:06,65,9/5/2013 8:06,63.4,9/5/2013 8:06,68,9/5/2013 8:06,68.7
9/5/2013 8:07,65,9/5/2013 8:07,67.4,9/5/2013 8:07,68,9/5/2013 8:07,68.4
9/5/2013 8:08,65,9/5/2013 8:08,63.5,9/5/2013 8:08,68,9/5/2013 8:08,69.2
9/5/2013 8:09,65,9/5/2013 8:09,66.5,9/5/2013 8:09,68,9/5/2013 8:09,68.5
9/5/2013 8:10,65,9/5/2013 8:10,65.8,9/5/2013 8:10,68,9/5/2013 8:10,68.3
9/5/2013 8:11,65,9/5/2013 8:11,66.3,9/5/2013 8:11,68,9/5/2013 8:11,67.2
9/5/2013 8:12,65,9/5/2013 8:12,64.2,9/5/2013 8:12,68,9/5/2013 8:12,66.9
9/5/2013 8:13,65,9/5/2013 8:13,66.5,9/5/2013 8:13,68,9/5/2013 8:13,68.9
9/5/2013 8:14,65,9/5/2013 8:14,67.4,9/5/2013 8:14,68,9/5/2013 8:14,68.6
9/5/2013 8:15,65,9/5/2013 8:15,65.6,9/5/2013 8:15,68,9/5/2013 8:15,67.6
9/5/2013 8:16,65,9/5/2013 8:16,63.5,9/5/2013 8:16,68,9/5/2013 8:16,67.8
9/5/2013 8:17,65,9/5/2013 8:17,67.0,9/5/2013 8:17,68,9/5/2013 8:17,67.8
9/5/2013 8:18,65,9/5/2013 8:18,64.7,9/5/2013 8:18,68,9/5/2013 8:18,68.7
9/5/2013 8:19,65,9/5/2013 8:19,64.2,9/5/2013 8:19,68,9/5/2013 8:19,67.7
9/5/2013 8:20,65,9/5/2013 8:20,65.5,9/5/2013 8:20,68,9/5/2013 8:20,69.0
9/5/2013 8:21,65,9/5/2013 8:21,64.7,9/5/2013 8:21,68,9/5/2013 8:21,67.4
9/5/2013 8:22,65,9/5/2013 8:22,66.7,9/5/2013 8:22,68,9/5/2013 8:22,67.2
9/5/2013 8:23,65,9/5/2013 8:23,66.7,9/5/2013 8:23,68,9/5/2013 8:23,68.2
9/5/2013 8:24,65,9/5/2013 8:24,65.1,9/5/2013 8:24,68,9/5/2013 8:24,68.0
9/5/2013 8:25,65,9/5/2013 8:25,64.6,9/5/2013 8:25,68,9/5/2013 8:25,68.3
9/5/2013 8:26,65,9/5/2013 8:26,65.6,9/5/2013 8:26,68,9/5/2013 8:26,68.4
9/5/2013 8:27,65,9/5/2013 8:27,67.3,9/5/2013 8:27,68,9/5/2013 8:27,68.1
9/5/2013 8:28,65,9/5/2013 8:28,66.6,9/5/2013 8:28,68,9/5/2013 8:28,69.0
9/5/2013 8:29,65,9/5/2013 8:29,65.0,9/5/2013 8:29,68,9/5/2013 8:29,67.5
9/5/2013 8:30,65,9/5/2013 8:30,64.0,9/5/2013 8:30,68,9/5/2013 8:30,68.6
9/5/2013 8:31,65,9/5/2013 8:31,66.2,9/5/2013 8:31,68,9/5/2013 8:31,67.9
9/5/2013 8:32,65,9/5/2013 8:32,63.5,9/5/2013 8:32,68,9/5/2013 8:32,67.2
9/5/2013 8:33,65,9/5/2013 8:33,63.5,9/5/2013 8:33,68,9/5/2013 8:33,69.4
9/5/2013 8:34,65,9/5/2013 8:34,62.8,9/5/2013 8:34,68,9/5/2013 8:34,67.4
9/5/2013 8:35,65,9/5/2013 8:35,66.3,9/5/2013 8:35,68,9/5/2013 8:35,67.3
9/5/2013 8:36,65,9/5/2013 8:36,66.4,9/5/2013 8:36,68,9/5/2013 8:36,68.7
9/5/2013 8:37,65,9/5/2013 8:37,65.6,9/5/2013 8:37,68,9/5/2013 8:37,67.8
9/5/2013 8:38,65,9/5/2013 8:38,67.0,9/5/2013 8:38,68,9/5/2013 8:38,66.5
9/5/2013 8:39,65,9/5/2013 8:39,63.8,9/5/2013 8:39,68,9/5/2013 8:39,67.4
9/5/2013 8:40,65,9/5/2013 8:40,65.7,9/5/2013 8:40,68,9/5/2013 8:40,69.1
9/5/2013 8:41,65,9/5/2013 8:41,65.5,9/5/2013 8:41,68,9/5/2013 8:41,67.9
9/5/2013 8:42,65,9/5/2013 8:42,64.5,9/5/2013 8:42,68,9/5/2013 8:42,67.0
9/5/2013 8:43,65,9/5/2013 8:43,64.8,9/5/2013 8:43,68,9/5/2013 8:43,67.7
9/5/2013 8:44,65,9/5/2013 8:44,67.0,9/5/2013 8:44,68,9/5/2013 8:44,68.5
9/5/2013 8:46,65,9/5/2013 8:46,65.5,9/5/2013 8:46,68,9/5/2013 8:46,68.0
9/5/2013 8:47,65,9/5/2013 8:47,65.3,9/5/2013 8:47,68,9/5/2013 8:47,68.5
9/5/2013 8:48,65,9/5/2013 8:48,63.5,9/5/2013 8:48,68,9/5/2013 8:48,67.3
9/5/2013 8:49,65,9/5/2013 8:49,65.8,9/5/2013 8:49,68,9/5/2013 8:49,69.0
9/5/2013 8:50,65,9/5/2013 8:50,64.5,9/5/2013 8:50,68,9/5/2013 8:50,66.6
9/5/2013 8:51,65,9/5/2013 8:51,66.4,9/5/2013 8:51,68,9/5/2013 8:51,69.0
9/5/2013 8:52,65,9/5/2013 8:52,66.5,9/5/2013 8:52,68,9/5/2013 8:52,68.8
9/5/2013 8:53,65,9/5/2013 8:53,64.2,9/5/2013 8:53,68,9/5/2013 8:53,67.2
9/5/2013 8:54,65,9/5/2013 8:54,66.4,9/5/2013 8:54,68,9/5/2013 8:54,67.9
9/5/2013 8:55,65,9/5/2013 8:55,65.5,9/5/2013 8:55,68,9/5/2013 8:55,68.0
9/5/2013 8:56,65,9/5/2013 8:56,64.8,9/5/2013 8:56,68,9/5/2013 8:56,67.9
9/5/2013 8:57,65,9/5/2013 8:57,64.2,9/5/2013 8:57,68,9/5/2013 8:57,69.2
9/5/2013 8:58,65,9/5/2013 8:58,67.0,9/5/2013 8:58,68,9/5/2013 8:58,68.3
9/5/2013 8:59,65,9/5/2013 8:59,67.0,9/5/2013 8:59,68,9/5/2013 8:59,67.7
9/5/2013 9:00,65,9/5/2013 9:00,66.5,9/5/2013 9:00,68,9/5/2013 9:00,66.6
9/5/2013 9:01,65,9/5/2013 9:01,67.5,9/5/2013 9:01,68,9/5/2013 9:01,68.9
9/5/2013 9:02,65,9/5/2013 9:02,63.1,9/5/2013 9:02,68,9/5/2013 9:02,67.5
9/5/2013 9:03,65,9/5/2013 9:03,66.6,9/5/2013 9:03,68,9/5/2013 9:03,68.2
9/5/2013 9:04,65,9/5/2013 9:04,66.6,9/5/2013 9:04,68,9/5/2013 9:04,69.1
9/5/2013 9:05,65,9/5/2013 9:05,66.7,9/5/2013 9:05,68,9/5/2013 9:05,67.9
9/5/2013 9:06,65,9/5/2013 9:06,63.2,9/5/2013 9:06,68,9/5/2013 9:06,67.9
9/5/2013 9:07,65,9/5/2013 9:07,67.2,9/5/2013 9:07,68,9/5/2013 9:07,67.2
9/5/2013 9:08,65,9/5/2013 9:08,65.1,9/5/2013 9:08,68,9/5/2013 9:08,67.6
9/5/2013 9:09,65,9/5/2013 9:09,67.4,9/5/2013 9:09,68,9/5/2013 9:09,68.6
9/5/2013 9:10,65,9/5/2013 9:10,64.5,9/5/2013 9:10,68,9/5/2013 9:10,67.1
9/5/2013 9:11,65,9/5/2013 9:11,63.2,9/5/2013 9:11,68,9/5/2013 9:11,67.7
9/5/2013 9:12,65,9/5/2013 9:12,65.1,9/5/2013 9:12,68,9/5/2013 9:12,67.0
9/5/2013 9:13,65,9/5/2013 9:13,63.6,9/5/2013 9:13,68,9/5/2013 9:13,67.7
9/5/2013 9:14,65,9/5/2013 9:14,63.3,9/5/2013 9:14,68,9/5/2013 9:14,66.8
9/5/2013 9:15,65,9/5/2013 9:15,66.5,9/5/2013 9:15,68,9/5/2013 9:15,68.7
9/5/2013 9:16,65,9/5/2013 9:16,64.9,9/5/2013 9:16,68,9/5/2013 9:16,66.8
9/5/2013 9:17,65,9/5/2013 9:17,64.2,9/5/2013 9:17,68,9/5/2013 9:17,69.2
9/5/2013 9:18,65,9/5/2013 9:18,67.3,9/5/2013 9:18,68,9/5/2013 9:18,68.1
9/5/2013 9:19,65,9/5/2013 9:19,66.5,9/5/2013 9:19,68,9/5/2013 9:19,67.7
9/5/2013 9:20,65,9/5/2013 9:20,64.6,9/5/2013 9:20,68,9/5/2013 9:20,68.2
9/5/2013 9:21,65,9/5/2013 9:21,65.7,9/5/2013 9:21,68,9/5/2013 9:21,67.7
9/5/2013 9:22,65,9/5/2013 9:22,65.6,9/5/2013 9:22,68,9/5/2013 9:22,67.9
9/5/2013 9:23,65,9/5/2013 9:23,66.5,9/5/2013 9:23,68,9/5/2013 9:23,66.6
9/5/2013 9:24,65,9/5/2013 9:24,63.8,9/5/2013 9:24,68,9/5/2013 9:24,68.9
9/5/2013 9:25,65,9/5/2013 9:25,63.2,9/5/2013 9:25,68,9/5/2013 9:25,66.7
9/5/2013 9:26,65,9/5/2013 9:26,64.2,9/5/2013 9:26,68,9/5/2013 9:26,68.5
9/5/2013 9:27,65,9/5/2013 9:27,62.6,9/5/2013 9:27,68,9/5/2013 9:27,68.9
9/5/2013 9:28,65,9/5/2013 9:28,64.5,9/5/2013 9:28,68,9/5/2013 9:28,67.6
9/5/2013 9:29,65,9/5/2013 9:29,65.8,9/5/2013 9:29,68,9/5/2013 9:29,66.6
9/5/2013 9:30,65,9/5/2013 9:30,63.6,9/5/2013 9:30,68,9/5/2013 9:30,68.1
9/5/2013 9:31,65,9/5/2013 9:31,66.0,9/5/2013 9:31,68,9/5/2013 9:31,68.3
9/5/2013 9:32,65,9/5/2013 9:32,65.4,9/5/2013 9:32,68,9/5/2013 9:32,66.7
9/5/2013 9:34,65,9/5/2013 9:34,64.3,9/5/2013 9:34,68,9/5/2013 9:34,66.5
9/5/2013 9:35,65,9/5/2013 9:35,67.5,9/5/2013 9:35,68,9/5/2013 9:35,66.5
9/5/2013 9:36,65,9/5/2013 9:36,63.8,9/5/2013 9:36,68,9/5/2013 9:36,66.7
9/5/2013 9:37,65,9/5/2013 9:37,67.0,9/5/2013 9:37,68,9/5/2013 9:37,68.8
9/5/2013 9:38,65,9/5/2013 9:38,66.9,9/5/2013 9:38,68,9/5/2013 9:38,67.5
9/5/2013 9:39,65,9/5/2013 9:39,63.2,9/5/2013 9:39,68,9/5/2013 9:39,67.9
9/5/2013 9:40,65,9/5/2013 9:40,67.5,9/5/2013 9:40,68,9/5/2013 9:40,67.3
9/5/2013 9:41,65,9/5/2013 9:41,64.6,9/5/2013 9:41,68,9/5/2013 9:41,69.5
9/5/2013 9:42,65,9/5/2013 9:42,65.9,9/5/2013 9:42,68,9/5/2013 9:42,69.4
9/5/2013 9:43,65,9/5/2013 9:43,66.8,9/5/2013 9:43,68,9/5/2013 9:43,69.0
9/5/2013 9:44,65,9/5/2013 9:44,67.0,9/5/2013 9:44,68,9/5/2013 9:44,66.8
9/5/2013 9:45,65,9/5/2013 9:45,64.6,9/5/2013 9:45,68,9/5/2013 9:45,67.4
9/5/2013 9:46,65,9/5/2013 9:46,63.8,9/5/2013 9:46,68,9/5/2013 9:46,68.6
9/5/2013 9:47,65,9/5/2013 9:47,66.0,9/5/2013 9:47,68,9/5/2013 9:47,67.9
9/5/2013 9:48,65,9/5/2013 9:48,66.2,9/5/2013 9:48,68,9/5/2013 9:48,68.2
9/5/2013 9:49,65,9/5/2013 9:49,67.0,9/5/2013 9:49,68,9/5/2013 9:49,68.1
9/5/2013 9:50,65,9/5/2013 9:50,64.3,9/5/2013 9:50,68,9/5/2013 9:50,66.5
9/5/2013 9:51,65,9/5/2013 9:51,67.4,9/5/2013 9:51,68,9/5/2013 9:51,69.0
9/5/2013 9:52,65,9/5/2013 9:52,64.8,9/5/2013 9:52,68,9/5/2013 9:52,66.8
9/5/2013 9:53,65,9/5/2013 9:53,63.9,9/5/2013 9:53,68,9/5/2013 9:53,67.5
9/5/2013 9:54,65,9/5/2013 9:54,64.9,9/5/2013 9:54,68,9/5/2013 9:54,67.4
9/5/2013 9:55,65,9/5/2013 9:55,64.9,9/5/2013 9:55,68,9/5/2013 9:55,68.7
9/5/2013 9:56,65,9/5/2013 9:56,63.5,9/5/2013 9:56,68,9/5/2013 9:56,67.6
9/5/2013 9:57,65,9/5/2013 9:57,66.3,9/5/2013 9:57,68,9/5/2013 9:57,67.5
9/5/2013 9:58,65,9/5/2013 9:58,63.4,9/5/2013 9:58,68,9/5/2013 9:58,68.7
9/5/2013 9:59,65,9/5/2013 9:59,63.2,9/5/2013 9:59,68,9/5/2013 9:59,67.6
9/5/2013 10:00,65,9/5/2013 10:00,63.1,9/5/2013 10:00,68,9/5/2013 10:00,66.8
9/5/2013 10:01,65,9/5/2013 10:01,62.6,9/5/2013 10:01,68,9/5/2013 10:01,67.2
9/5/2013 10:02,65,9/5/2013 10:02,66.8,9/5/2013 10:02,68,9/5/2013 10:02,68.7
9/5/2013 10:03,65,9/5/2013 10:03,64.3,9/5/2013 10:03,68,9/5/2013 10:03,69.1
9/5/2013 10:04,65,9/5/2013 10:04,65.6,9/5/2013 10:04,68,9/5/2013 10:04,68.5
9/5/2013 10:05,65,9/5/2013 10:05,64.9,9/5/2013 10:05,68,9/5/2013 10:05,68.8
9/5/2013 10:06,65,9/5/2013 10:06,66.2,9/5/2013 10:06,68,9/5/2013 10:06,66.7
9/5/2013 10:07,65,9/5/2013 10:07,64.0,9/5/2013 10:07,68,9/5/2013 10:07,67.1
9/5/2013 10:08,65,9/5/2013 10:08,62.5,9/5/2013 10:08,68,9/5/2013 10:08,68.3
9/5/2013 10:09,65,9/5/2013 10:09,63.3,9/5/2013 10:09,68,9/5/2013 10:09,69.0
9/5/2013 10:10,65,9/5/2013 10:10,65.2,9/5/2013 10:10,68,9/5/2013 10:10,68.1
9/5/2013 10:11,65,9/5/2013 10:11,66.9,9/5/2013 10:11,68,9/5/2013 10:11,68.3
9/5/2013 10:12,65,9/5/2013 10:12,67.4,9/5/2013 10:12,68,9/5/2013 10:12,67.2
9/5/2013 10:13,65,9/5/2013 10:13,65.5,9/5/2013 10:13,68,9/5/2013 10:13,67.9
9/5/2013 10:14,65,9/5/2013 10:14,66.1,9/5/2013 10:14,68,9/5/2013 10:14,67.5
9/5/2013 10:15,65,9/5/2013 10:15,64.5,9/5/2013 10:15,68,9/5/2013 10:15,67.3
9/5/2013 10:16,65,9/5/2013 10:16,62.9,9/5/2013 10:16,68,9/5/2013 10:16,67.8
9/5/2013 10:17,65,9/5/2013 10:17,66.5,9/5/2013 10:17,68,9/5/2013 10:17,68.1
9/5/2013 10:18,65,9/5/2013 10:18,67.5,9/5/2013 10:18,68,9/5/2013 10:18,67.8
9/5/2013 10:19,65,9/5/2013 10:19,62.6,9/5/2013 10:19,68,9/5/2013 10:19,67.3
9/5/2013 10:21,65,9/5/2013 10:21,65.6,9/5/2013 10:21,68,9/5/2013 10:21,69.5
9/5/2013 10:22,65,9/5/2013 10:22,63.7,9/5/2013 10:22,68,9/5/2013 10:22,69.0
9/5/2013 10:23,65,9/5/2013 10:23,67.0,9/5/2013 10:23,68,9/5/2013 10:23,67.5
9/5/2013 10:24,65,9/5/2013 10:24,65.2,9/5/2013 10:24,68,9/5/2013 10:24,66.8
9/5/2013 10:25,65,9/5/2013 10:25,66.0,9/5/2013 10:25,68,9/5/2013 10:25,68.2
9/5/2013 10:26,65,9/5/2013 10:26,65.1,9/5/2013 10:26,68,9/5/2013 10:26,67.2
9/5/2013 10:27,65,9/5/2013 10:27,67.0,9/5/2013 10:27,68,9/5/2013 10:27,68.3
9/5/2013 10:28,65,9/5/2013 10:28,62.9,9/5/2013 10:28,68,9/5/2013 10:28,68.7
9/5/2013 10:29,65,9/5/2013 10:29,65.8,9/5/2013 10:29,68,9/5/2013 10:29,69.3
9/5/2013 10:30,65,9/5/2013 10:30,63.1,9/5/2013 10:30,68,9/5/2013 10:30,67.5
9/5/2013 10:31,65,9/5/2013 10:31,66.4,9/5/2013 10:31,68,9/5/2013 10:31,67.7
9/5/2013 10:32,65,9/5/2013 10:32,62.8,9/5/2013 10:32,68,9/5/2013 10:32,68.3
9/5/2013 10:33,65,9/5/2013 10:33,64.7,9/5/2013 10:33,68,9/5/2013 10:33,67.3
9/5/2013 10:34,65,9/5/2013 10:34,63.1,9/5/2013 10:34,68,9/5/2013 10:34,67.7
9/5/2013 10:35,65,9/5/2013 10:35,65.7,9/5/2013 10:35,68,9/5/2013 10:35,69.1
9/5/2013 10:36,65,9/5/2013 10:36,64.3,9/5/2013 10:36,68,9/5/2013 10:36,67.2
9/5/2013 10:37,65,9/5/2013 10:37,66.5,9/5/2013 10:37,68,9/5/2013 10:37,67.0
9/5/2013 10:38,65,9/5/2013 10:38,66.0,9/5/2013 10:38,68,9/5/2013 10:38,67.4
9/5/2013 10:39,65,9/5/2013 10:39,63.0,9/5/2013 10:39,68,9/5/2013 10:39,67.4
9/5/2013 10:40,65,9/5/2013 10:40,66.8,9/5/2013 10:40,68,9/5/2013 10:40,66.9
9/5/2013 10:41,65,9/5/2013 10:41,63.1,9/5/2013 10:41,68,9/5/2013 10:41,67.2
9/5/2013 10:42,65,9/5/2013 10:42,65.4,9/5/2013 10:42,68,9/5/2013 10:42,68.3
9/5/2013 10:43,65,9/5/2013 10:43,66.2,9/5/2013 10:43,68,9/5/2013 10:43,68.0
9/5/2013 10:44,65,9/5/2013 10:44,62.7,9/5/2013 10:44,68,9/5/2013 10:44,69.5
9/5/2013 10:45,65,9/5/2013 10:45,67.0,9/5/2013 10:45,68,9/5/2013 10:45,68.9
9/5/2013 10:46,65,9/5/2013 10:46,63.2,9/5/2013 10:46,68,9/5/2013 10:46,69.4
9/5/2013 10:47,65,9/5/2013 10:47,66.8,9/5/2013 10:47,68,9/5/2013 10:47,67.1
9/5/2013 10:48,65,9/5/2013 10:48,63.7,9/5/2013 10:48,68,9/5/2013 10:48,69.3
9/5/2013 10:49,65,9/5/2013 10:49,63.4,9/5/2013 10:49,68,9/5/2013 10:49,68.2
9/5/2013 10:50,65,9/5/2013 10:50,65.8,9/5/2013 10:50,68,9/5/2013 10:50,67.9
9/5/2013 10:51,65,9/5/2013 10:51,66.5,9/5/2013 10:51,68,9/5/2013 10:51,66.9
9/5/2013 10:52,65,9/5/2013 10:52,65.3,9/5/2013 10:52,68,9/5/2013 10:52,69.2
9/5/2013 10:53,65,9/5/2013 10:53,66.4,9/5/2013 10:53,68,9/5/2013 10:53,67.9
9/5/2013 10:54,65,9/5/2013 10:54,67.3,9/5/2013 10:54,68,9/5/2013 10:54,67.8
9/5/2013 10:55,65,9/5/2013 10:55,66.5,9/5/2013 10:55,68,9/5/2013 10:55,67.4
9/5/2013 10:56,65,9/5/2013 10:56,66.4,9/5/2013 10:56,68,9/5/2013 10:56,68.6
9/5/2013 10:57,65,9/5/2013 10:57,64.0,9/5/2013 10:57,68,9/5/2013 10:57,69.4
9/5/2013 10:58,65,9/5/2013 10:58,66.7,9/5/2013 10:58,68,9/5/2013 10:58,66.9
9/5/2013 10:59,65,9/5/2013 10:59,66.5,9/5/2013 10:59,68,9/5/2013 10:59,69.3
9/5/2013 11:00,65,9/5/2013 11:00,64.6,9/5/2013 11:00,68,9/5/2013 11:00,67.5
9/5/2013 11:01,65,9/5/2013 11:01,65.1,9/5/2013 11:01,68,9/5/2013 11:01,68.3
9/5/2013 11:02,65,9/5/2013 11:02,63.6,9/5/2013 11:02,68,9/5/2013 11:02,66.9
9/5/2013 11:03,65,9/5/2013 11:03,66.7,9/5/2013 11:03,68,9/5/2013 11:03,69.3
9/5/2013 11:04,65,9/5/2013 11:04,66.7,9/5/2013 11:04,68,9/5/2013 11:04,67.0
9/5/2013 11:05,65,9/5/2013 11:05,62.7,9/5/2013 11:05,68,9/5/2013 11:05,69.4
9/5/2013 11:06,65,9/5/2013 11:06,63.4,9/5/2013 11:06,68,9/5/2013 11:06,68.2
9/5/2013 11:07,65,9/5/2013 11:07,64.3,9/5/2013 11:07,68,9/5/2013 11:07,68.4
9/5/2013 11:09,65,9/5/2013 11:09,64.3,9/5/2013 11:09,68,9/5/2013 11:09,69.1
9/5/2013 11:10,65,9/5/2013 11:10,67.4,9/5/2013 11:10,68,9/5/2013 11:10,66.5
9/5/2013 11:11,65,9/5/2013 11:11,64.6,9/5/2013 11:11,68,9/5/2013 11:11,67.3
9/5/2013 11:12,65,9/5/2013 11:12,64.0,9/5/2013 11:12,68,9/5/2013 11:12,66.8
9/5/2013 11:13,65,9/5/2013 11:13,66.4,9/5/2013 11:13,68,9/5/2013 11:13,68.5
9/5/2013 11:14,65,9/5/2013 11:14,64.5,9/5/2013 11:14,68,9/5/2013 11:14,66.9
9/5/2013 11:15,65,9/5/2013 11:15,65.0,9/5/2013 11:15,68,9/5/2013 11:15,69.3
9/5/2013 11:16,65,9/5/2013 11:16,67.4,9/5/2013 11:16,68,9/5/2013 11:16,67.2
9/5/2013 11:17,65,9/5/2013 11:17,64.6,9/5/2013 11:17,68,9/5/2013 11:17,68.0
9/5/2013 11:18,65,9/5/2013 11:18,64.5,9/5/2013 11:18,68,9/5/2013 11:18,67.6
9/5/2013 11:19,65,9/5/2013 11:19,63.2,9/5/2013 11:19,68,9/5/2013 11:19,68.8
9/5/2013 11:20,65,9/5/2013 11:20,65.0,9/5/2013 11:20,68,9/5/2013 11:20,67.2
9/5/2013 11:21,65,9/5/2013 11:21,66.1,9/5/2013 11:21,68,9/5/2013 11:21,68.8
9/5/2013 11:22,65,9/5/2013 11:22,65.5,9/5/2013 11:22,68,9/5/2013 11:22,68.4
9/5/2013 11:23,65,9/5/2013 11:23,63.8,9/5/2013 11:23,68,9/5/2013 11:23,67.9
9/5/2013 11:24,65,9/5/2013 11:24,66.6,9/5/2013 11:24,68,9/5/2013 11:24,67.2
9/5/2013 11:25,65,9/5/2013 11:25,62.6,9/5/2013 11:25,68,9/5/2013 11:25,68.2
9/5/2013 11:26,65,9/5/2013 11:26,65.5,9/5/2013 11:26,68,9/5/2013 11:26,68.6
9/5/2013 11:27,65,9/5/2013 11:27,65.7,9/5/2013 11:27,68,9/5/2013 11:27,68.1
9/5/2013 11:28,65,9/5/2013 11:28,64.0,9/5/2013 11:28,68,9/5/2013 11:28,69.4
9/5/2013 11:29,65,9/5/2013 11:29,64.5,9/5/2013 11:29,68,9/5/2013 11:29,67.6
9/5/2013 11:30,65,9/5/2013 11:30,64.3,9/5/2013 11:30,68,9/5/2013 11:30,66.8
9/5/2013 11:31,65,9/5/2013 11:31,66.0,9/5/2013 11:31,68,9/5/2013 11:31,67.6
9/5/2013 11:32,65,9/5/2013 11:32,64.1,9/5/2013 11:32,68,9/5/2013 11:32,67.4
9/5/2013 11:33,65,9/5/2013 11:33,66.0,9/5/2013 11:33,68,9/5/2013 11:33,67.1
9/5/2013 11:34,65,9/5/2013 11:34,63.8,9/5/2013 11:34,68,9/5/2013 11:34,67.4
9/5/2013 11:35,65,9/5/2013 11:35,64.0,9/5/2013 11:35,68,9/5/2013 11:35,66.9
9/5/2013 11:36,65,9/5/2013 11:36,63.0,9/5/2013 11:36,68,9/5/2013 11:36,67.6
9/5/2013 11:37,65,9/5/2013 11:37,64.4,9/5/2013 11:37,68,9/5/2013 11:37,67.6
9/5/2013 11:38,65,9/5/2013 11:38,66.4,9/5/2013 11:38,68,9/5/2013 11:38,67.1
9/5/2013 11:39,65,9/5/2013 11:39,63.1,9/5/2013 11:39,68,9/5/2013 11:39,67.3
9/5/2013 11:40,65,9/5/2013 11:40,65.3,9/5/2013 11:40,68,9/5/2013 11:40,67.1
9/5/2013 11:41,65,9/5/2013 11:41,64.9,9/5/2013 11:41,68,9/5/2013 11:41,68.1
9/5/2013 11:42,65,9/5/2013 11:42,66.5,9/5/2013 11:42,68,9/5/2013 11:42,68.6
9/5/2013 11:43,65,9/5/2013 11:43,66.7,9/5/2013 11:43,68,9/5/2013 11:43,66.5
9/5/2013 11:44,65,9/5/2013 11:44,63.0,9/5/2013 11:44,68,9/5/2013 11:44,67.1
9/5/2013 11:45,65,9/5/2013 11:45,64.5,9/5/2013 11:45,68,9/5/2013 11:45,69.1
9/5/2013 11:46,65,9/5/2013 11:46,65.5,9/5/2013 11:46,68,9/5/2013 11:46,68.6
9/5/2013 11:47,65,9/5/2013 11:47,63.1,9/5/2013 11:47,68,9/5/2013 11:47,67.8
9/5/2013 11:48,65,9/5/2013 11:48,62.7,9/5/2013 11:48,68,9/5/2013 11:48,67.6
9/5/2013 11:49,65,9/5/2013 11:49,66.7,9/5/2013 11:49,68,9/5/2013 11:49,66.8
9/5/2013 11:50,65,9/5/2013 11:50,65.3,9/5/2013 11:50,68,9/5/2013 11:50,66.6
9/5/2013 11:51,65,9/5/2013 11:51,64.9,9/5/2013 11:51,68,9/5/2013 11:51,68.7
9/5/2013 11:52,65,9/5/2013 11:52,64.2,9/5/2013 11:52,68,9/5/2013 11:52,68.3
9/5/2013 11:53,65,9/5/2013 11:53,63.6,9/5/2013 11:53,68,9/5/2013 11:53,68.2
9/5/2013 11:54,65,9/5/2013 11:54,63.8,9/5/2013 11:54,68,9/5/2013 11:54,69.3
9/5/2013 11:56,65,9/5/2013 11:56,65.5,9/5/2013 11:56,68,9/5/2013 11:56,68.0
9/5/2013 11:57,65,9/5/2013 11:57,63.8,9/5/2013 11:57,68,9/5/2013 11:57,67.2
9/5/2013 11:58,65,9/5/2013 11:58,65.7,9/5/2013 11:58,68,9/5/2013 11:58,69.0
9/5/2013 11:59,65,9/5/2013 11:59,65.3,9/5/2013 11:59,68,9/5/2013 11:59,66.9
9/5/2013 12:00,65,9/5/2013 12:00,65.4,9/5/2013 12:00,68,9/5/2013 12:00,68.9
9/5/2013 12:01,65,9/5/2013 12:01,64.7,9/5/2013 12:01,68,9/5/2013 12:01,66.6
9/5/2013 12:02,65,9/5/2013 12:02,64.5,9/5/2013 12:02,68,9/5/2013 12:02,69.3
9/5/2013 12:03,65,9/5/2013 12:03,63.5,9/5/2013 12:03,68,9/5/2013 12:03,68.2
9/5/2013 12:04,65,9/5/2013 12:04,64.9,9/5/2013 12:04,68,9/5/2013 12:04,66.5
9/5/2013 12:05,65,9/5/2013 12:05,67.0,9/5/2013 12:05,68,9/5/2013 12:05,67.8
9/5/2013 12:06,65,9/5/2013 12:06,65.8,9/5/2013 12:06,68,9/5/2013 12:06,67.6
9/5/2013 12:07,65,9/5/2013 12:07,64.5,9/5/2013 12:07,68,9/5/2013 12:07,67.8
9/5/2013 12:08,65,9/5/2013 12:08,63.2,9/5/2013 12:08,68,9/5/2013 12:08,66.8
9/5/2013 12:09,65,9/5/2013 12:09,62.9,9/5/2013 12:09,68,9/5/2013 12:09,68.1
9/5/2013 12:10,65,9/5/2013 12:10,67.3,9/5/2013 12:10,68,9/5/2013 12:10,67.9
9/5/2013 12:11,65,9/5/2013 12:11,65.0,9/5/2013 12:11,68,9/5/2013 12:11,68.6
9/5/2013 12:12,65,9/5/2013 12:12,63.9,9/5/2013 12:12,68,9/5/2013 12:12,68.3
9/5/2013 12:13,65,9/5/2013 12:13,66.9,9/5/2013 12:13,68,9/5/2013 12:13,66.9
9/5/2013 12:14,65,9/5/2013 12:14,65.6,9/5/2013 12:14,68,9/5/2013 12:14,67.7
9/5/2013 12:15,65,9/5/2013 12:15,64.2,9/5/2013 12:15,68,9/5/2013 12:15,69.2
9/5/2013 12:16,65,9/5/2013 12:16,66.1,9/5/2013 12:16,68,9/5/2013 12:16,66.6
9/5/2013 12:17,65,9/5/2013 12:17,64.1,9/5/2013 12:17,68,9/5/2013 12:17,69.0
9/5/2013 12:18,65,9/5/2013 12:18,63.4,9/5/2013 12:18,68,9/5/2013 12:18,67.2
9/5/2013 12:19,65,9/5/2013 12:19,65.5,9/5/2013 12:19,68,9/5/2013 12:19,68.2
9/5/2013 12:20,65,9/5/2013 12:20,63.2,9/5/2013 12:20,68,9/5/2013 12:20,67.3
9/5/2013 12:21,65,9/5/2013 12:21,64.2,9/5/2013 12:21,68,9/5/2013 12:21,67.1
9/5/2013 12:22,65,9/5/2013 12:22,62.6,9/5/2013 12:22,68,9/5/2013 12:22,68.8
9/5/2013 12:23,65,9/5/2013 12:23,64.9,9/5/2013 12:23,68,9/5/2013 12:23,68.2
9/5/2013 12:24,65,9/5/2013 12:24,66.9,9/5/2013 12:24,68,9/5/2013 12:24,66.9
9/5/2013 12:25,65,9/5/2013 12:25,63.6,9/5/2013 12:25,68,9/5/2013 12:25,67.3
9/5/2013 12:26,65,9/5/2013 12:26,64.5,9/5/2013 12:26,68,9/5/2013 12:26,69.1
9/5/2013 12:27,65,9/5/2013 12:27,64.9,9/5/2013 12:27,68,9/5/2013 12:27,67.3
9/5/2013 12:28,65,9/5/2013 12:28,62.8,9/5/2013 12:28,68,9/5/2013 12:28,67.1
9/5/2013 12:29,65,9/5/2013 12:29,64.6,9/5/2013 12:29,68,9/5/2013 12:29,69.0
9/5/2013 12:30,65,9/5/2013 12:30,64.9,9/5/2013 12:30,68,9/5/2013 12:30,66.8
9/5/2013 12:31,65,9/5/2013 12:31,64.7,9/5/2013 12:31,68,9/5/2013 12:31,67.0
9/5/2013 12:32,65,9/5/2013 12:32,62.7,9/5/2013 12:32,68,9/5/2013 12:32,66.6
9/5/2013 12:33,65,9/5/2013 12:33,67.3,9/5/2013 12:33,68,9/5/2013 12:33,67.0
9/5/2013 12:34,65,9/5/2013 12:34,64.8,9/5/2013 12:34,68,9/5/2013 12:34,69.4
9/5/2013 12:35,65,9/5/2013 12:35,66.5,9/5/2013 12:35,68,9/5/2013 12:35,69.4
9/5/2013 12:36,65,9/5/2013 12:36,64.9,9/5/2013 12:36,68,9/5/2013 12:36,68.0
9/5/2013 12:37,65,9/5/2013 12:37,66.4,9/5/2013 12:37,68,9/5/2013 12:37,68.5
9/5/2013 12:38,65,9/5/2013 12:38,67.2,9/5/2013 12:38,68,9/5/2013 12:38,68.3
9/5/2013 12:39,65,9/5/2013 12:39,66.8,9/5/2013 12:39,68,9/5/2013 12:39,68.9
9/5/2013 12:40,65,9/5/2013 12:40,65.9,9/5/2013 12:40,68,9/5/2013 12:40,68.4
9/5/2013 12:41,65,9/5/2013 12:41,67.5,9/5/2013 12:41,68,9/5/2013 12:41,67.0
9/5/2013 12:43,65,9/5/2013 12:43,66.8,9/5/2013 12:43,68,9/5/2013 12:43,67.0
9/5/2013 12:44,65,9/5/2013 12:44,67.1,9/5/2013 12:44,68,9/5/2013 12:44,68.6
9/5/2013 12:45,65,9/5/2013 12:45,66.3,9/5/2013 12:45,68,9/5/2013 12:45,66.7
9/5/2013 12:46,65,9/5/2013 12:46,65.5,9/5/2013 12:46,68,9/5/2013 12:46,67.0
9/5/2013 12:47,65,9/5/2013 12:47,65.4,9/5/2013 12:47,68,9/5/2013 12:47,67.7
9/5/2013 12:48,65,9/5/2013 12:48,66.1,9/5/2013 12:48,68,9/5/2013 12:48,68.6
9/5/2013 12:49,65,9/5/2013 12:49,65.4,9/5/2013 12:49,68,9/5/2013 12:49,66.9
9/5/2013 12:50,65,9/5/2013 12:50,65.2,9/5/2013 12:50,68,9/5/2013 12:50,68.1
9/5/2013 12:51,65,9/5/2013 12:51,64.2,9/5/2013 12:51,68,9/5/2013 12:51,67.2
9/5/2013 12:52,65,9/5/2013 12:52,64.1,9/5/2013 12:52,68,9/5/2013 12:52,68.9
9/5/2013 12:53,65,9/5/2013 12:53,63.0,9/5/2013 12:53,68,9/5/2013 12:53,66.6
9/5/2013 12:54,65,9/5/2013 12:54,64.8,9/5/2013 12:54,68,9/5/2013 12:54,66.8
9/5/2013 12:55,65,9/5/2013 12:55,65.2,9/5/2013 12:55,68,9/5/2013 12:55,66.7
9/5/2013 12:56,65,9/5/2013 12:56,65.1,9/5/2013 12:56,68,9/5/2013 12:56,69.5
9/5/2013 12:57,65,9/5/2013 12:57,65.9,9/5/2013 12:57,68,9/5/2013 12:57,67.9
9/5/2013 12:58,65,9/5/2013 12:58,62.6,9/5/2013 12:58,68,9/5/2013 12:58,67.1
9/5/2013 12:59,65,9/5/2013 12:59,63.6,9/5/2013 12:59,68,9/5/2013 12:59,69.2
9/5/2013 13:00,65,9/5/2013 13:00,64.0,9/5/2013 13:00,68,9/5/2013 13:00,67.0
9/5/2013 13:01,65,9/5/2013 13:01,65.2,9/5/2013 13:01,68,9/5/2013 13:01,68.4
9/5/2013 13:02,65,9/5/2013 13:02,63.7,9/5/2013 13:02,68,9/5/2013 13:02,68.3
9/5/2013 13:03,65,9/5/2013 13:03,66.6,9/5/2013 13:03,68,9/5/2013 13:03,69.3
9/5/2013 13:04,65,9/5/2013 13:04,64.2,9/5/2013 13:04,68,9/5/2013 13:04,68.4
9/5/2013 13:05,65,9/5/2013 13:05,63.6,9/5/2013 13:05,68,9/5/2013 13:05,68.1
9/5/2013 13:06,65,9/5/2013 13:06,63.2,9/5/2013 13:06,68,9/5/2013 13:06,66.5
9/5/2013 13:07,65,9/5/2013 13:07,64.6,9/5/2013 13:07,68,9/5/2013 13:07,67.8
9/5/2013 13:08,65,9/5/2013 13:08,66.2,9/5/2013 13:08,68,9/5/2013 13:08,66.6
9/5/2013 13:09,65,9/5/2013 13:09,66.6,9/5/2013 13:09,68,9/5/2013 13:09,69.4
9/5/2013 13:10,65,9/5/2013 13:10,63.8,9/5/2013 13:10,68,9/5/2013 13:10,69.5
9/5/2013 13:11,65,9/5/2013 13:11,66.5,9/5/2013 13:11,68,9/5/2013 13:11,69.1
9/5/2013 13:12,65,9/5/2013 13:12,64.9,9/5/2013 13:12,68,9/5/2013 13:12,67.5
9/5/2013 13:13,65,9/5/2013 13:13,66.1,9/5/2013 13:13,68,9/5/2013 13:13,67.1
9/5/2013 13:14,65,9/5/2013 13:14,64.0,9/5/2013 13:14,68,9/5/2013 13:14,69.0
9/5/2013 13:15,65,9/5/2013 13:15,64.7,9/5/2013 13:15,68,9/5/2013 13:15,68.0
9/5/2013 13:16,65,9/5/2013 13:16,63.6,9/5/2013 13:16,68,9/5/2013 13:16,66.6
9/5/2013 13:17,65,9/5/2013 13:17,62.9,9/5/2013 13:17,68,9/5/2013 13:17,69.4
9/5/2013 13:18,65,9/5/2013 13:18,64.7,9/5/2013 13:18,68,9/5/2013 13:18,67.9
9/5/2013 13:19,65,9/5/2013 13:19,66.8,9/5/2013 13:19,68,9/5/2013 13:19,67.4
9/5/2013 13:20,65,9/5/2013 13:20,67.0,9/5/2013 13:20,68,9/5/2013 13:20,66.5
9/5/2013 13:21,65,9/5/2013 13:21,63.2,9/5/2013 13:21,68,9/5/2013 13:21,68.6
9/5/2013 13:22,65,9/5/2013 13:22,65.6,9/5/2013 13:22,68,9/5/2013 13:22,68.8
9/5/2013 13:23,65,9/5/2013 13:23,63.1,9/5/2013 13:23,68,9/5/2013 13:23,69.1
9/5/2013 13:24,65,9/5/2013 13:24,62.6,9/5/2013 13:24,68,9/5/2013 13:24,66.9
9/5/2013 13:25,65,9/5/2013 13:25,64.9,9/5/2013 13:25,68,9/5/2013 13:25,69.1
9/5/2013 13:26,65,9/5/2013 13:26,65.7,9/5/2013 13:26,68,9/5/2013 13:26,69.5
9/5/2013 13:27,65,9/5/2013 13:27,64.3,9/5/2013 13:27,68,9/5/2013 13:27,67.3
9/5/2013 13:28,65,9/5/2013 13:28,65.2,9/5/2013 13:28,68,9/5/2013 13:28,67.9
9/5/2013 13:30,65,9/5/2013 13:30,63.0,9/5/2013 13:30,68,9/5/2013 13:30,67.3
9/5/2013 13:31,65,9/5/2013 13:31,65.9,9/5/2013 13:31,68,9/5/2013 13:31,69.1
9/5/2013 13:32,65,9/5/2013 13:32,63.9,9/5/2013 13:32,68,9/5/2013 13:32,67.7
9/5/2013 13:33,65,9/5/2013 13:33,67.2,9/5/2013 13:33,68,9/5/2013 13:33,68.1
9/5/2013 13:34,65,9/5/2013 13:34,66.5,9/5/2013 13:34,68,9/5/2013 13:34,66.6
9/5/2013 13:35,65,9/5/2013 13:35,66.1,9/5/2013 13:35,68,9/5/2013 13:35,69.2
9/5/2013 13:36,65,9/5/2013 13:36,64.3,9/5/2013 13:36,68,9/5/2013 13:36,68.4
9/5/2013 13:37,65,9/5/2013 13:37,63.7,9/5/2013 13:37,68,9/5/2013 13:37,69.2
9/5/2013 13:38,65,9/5/2013 13:38,67.2,9/5/2013 13:38,68,9/5/2013 13:38,68.2
9/5/2013 13:39,65,9/5/2013 13:39,64.2,9/5/2013 13:39,68,9/5/2013 13:39,68.5
9/5/2013 13:40,65,9/5/2013 13:40,63.8,9/5/2013 13:40,68,9/5/2013 13:40,67.8
9/5/2013 13:41,65,9/5/2013 13:41,63.5,9/5/2013 13:41,68,9/5/2013 13:41,68.1
9/5/2013 13:42,65,9/5/2013 13:42,67.1,9/5/2013 13:42,68,9/5/2013 13:42,69.1
9/5/2013 13:43,65,9/5/2013 13:43,65.4,9/5/2013 13:43,68,9/5/2013 13:43,67.8
9/5/2013 13:44,65,9/5/2013 13:44,66.1,9/5/2013 13:44,68,9/5/2013 13:44,69.2
9/5/2013 13:45,65,9/5/2013 13:45,63.4,9/5/2013 13:45,68,9/5/2013 13:45,66.8
9/5/2013 13:46,65,9/5/2013 13:46,66.6,9/5/2013 13:46,68,9/5/2013 13:46,68.1
9/5/2013 13:47,65,9/5/2013 13:47,67.4,9/5/2013 13:47,68,9/5/2013 13:47,69.1
9/5/2013 13:48,65,9/5/2013 13:48,63.1,9/5/2013 13:48,68,9/5/2013 13:48,68.7
9/5/2013 13:49,65,9/5/2013 13:49,66.7,9/5/2013 13:49,68,9/5/2013 13:49,66.9
9/5/2013 13:50,65,9/5/2013 13:50,66.0,9/5/2013 13:50,68,9/5/2013 13:50,69.4
9/5/2013 13:51,65,9/5/2013 13:51,62.5,9/5/2013 13:51,68,9/5/2013 13:51,66.7
9/5/2013 13:52,65,9/5/2013 13:52,64.5,9/5/2013 13:52,68,9/5/2013 13:52,68.1
9/5/2013 13:53,65,9/5/2013 13:53,65.2,9/5/2013 13:53,68,9/5/2013 13:53,67.6
9/5/2013 13:54,65,9/5/2013 13:54,63.6,9/5/2013 13:54,68,9/5/2013 13:54,69.3
9/5/2013 13:55,65,9/5/2013 13:55,66.9,9/5/2013 13:55,68,9/5/2013 13:55,69.4
9/5/2013 13:56,65,9/5/2013 13:56,65.9,9/5/2013 13:56,68,9/5/2013 13:56,67.8
9/5/2013 13:57,65,9/5/2013 13:57,67.4,9/5/2013 13:57,68,9/5/2013 13:57,69.3
9/5/2013 13:58,65,9/5/2013 13:58,63.0,9/5/2013 13:58,68,9/5/2013 13:58,68.3
9/5/2013 13:59,65,9/5/2013 13:59,62.6,9/5/2013 13:59,68,9/5/2013 13:59,69.3
9/5/2013 14:00,65,9/5/2013 14:00,65.9,9/5/2013 14:00,68,9/5/2013 14:00,67.9
9/5/2013 14:01,65,9/5/2013 14:01,62.6,9/5/2013 14:01,68,9/5/2013 14:01,67.1
9/5/2013 14:02,65,9/5/2013 14:02,67.2,9/5/2013 14:02,68,9/5/2013 14:02,67.2
9/5/2013 14:03,65,9/5/2013 14:03,65.2,9/5/2013 14:03,68,9/5/2013 14:03,67.0
9/5/2013 14:04,65,9/5/2013 14:04,65.4,9/5/2013 14:04,68,9/5/2013 14:04,69.3
9/5/2013 14:05,65,9/5/2013 14:05,63.3,9/5/2013 14:05,68,9/5/2013 14:05,66.5
9/5/2013 14:06,65,9/5/2013 14:06,66.6,9/5/2013 14:06,68,9/5/2013 14:06,67.3
9/5/2013 14:07,65,9/5/2013 14:07,67.3,9/5/2013 14:07,68,9/5/2013 14:07,67.6
9/5/2013 14:08,65,9/5/2013 14:08,63.7,9/5/2013 14:08,68,9/5/2013 14:08,67.1
9/5/2013 14:09,65,9/5/2013 14:09,64.4,9/5/2013 14:09,68,9/5/2013 14:09,69.5
9/5/2013 14:10,65,9/5/2013 14:10,65.8,9/5/2013 14:10,68,9/5/2013 14:10,68.4
9/5/2013 14:11,65,9/5/2013 14:11,65.0,9/5/2013 14:11,68,9/5/2013 14:11,68.5
9/5/2013 14:12,65,9/5/2013 14:12,65.5,9/5/2013 14:12,68,9/5/2013 14:12,67.8
9/5/2013 14:13,65,9/5/2013 14:13,67.0,9/5/2013 14:13,68,9/5/2013 14:13,66.5
9/5/2013 14:14,65,9/5/2013 14:14,66.9,9/5/2013 14:14,68,9/5/2013 14:14,68.1
9/5/2013 14:15,65,9/5/2013 14:15,64.7,9/5/2013 14:15,68,9/5/2013 14:15,69.3
9/5/2013 14:17,65,9/5/2013 14:17,65.6,9/5/2013 14:17,68,9/5/2013 14:17,66.9
9/5/2013 14:18,65,9/5/2013 14:18,63.4,9/5/2013 14:18,68,9/5/2013 14:18,67.8
9/5/2013 14:19,65,9/5/2013 14:19,66.7,9/5/2013 14:19,68,9/5/2013 14:19,69.1
9/5/2013 14:20,65,9/5/2013 14:20,67.0,9/5/2013 14:20,68,9/5/2013 14:20,67.2
9/5/2013 14:21,65,9/5/2013 14:21,62.7,9/5/2013 14:21,68,9/5/2013 14:21,69.0
9/5/2013 14:22,65,9/5/2013 14:22,63.7,9/5/2013 14:22,68,9/5/2013 14:22,66.8
9/5/2013 14:23,65,9/5/2013 14:23,63.2,9/5/2013 14:23,68,9/5/2013 14:23,67.1
9/5/2013 14:24,65,9/5/2013 14:24,62.6,9/5/2013 14:24,68,9/5/2013 14:24,68.8
9/5/2013 14:25,65,9/5/2013 14:25,64.4,9/5/2013 14:25,68,9/5/2013 14:25,67.1
9/5/2013 14:26,65,9/5/2013 14:26,65.2,9/5/2013 14:26,68,9/5/2013 14:26,69.1
9/5/2013 14:27,65,9/5/2013 14:27,63.3,9/5/2013 14:27,68,9/5/2013 14:27,67.4
9/5/2013 14:28,65,9/5/2013 14:28,62.7,9/5/2013 14:28,68,9/5/2013 14:28,68.7
9/5/2013 14:29,65,9/5/2013 14:29,64.8,9/5/2013 14:29,68,9/5/2013 14:29,69.1
9/5/2013 14:30,65,9/5/2013 14:30,66.4,9/5/2013 14:30,68,9/5/2013 14:30,68.2
9/5/2013 14:31,65,9/5/2013 14:31,63.0,9/5/2013 14:31,68,9/5/2013 14:31,67.3
9/5/2013 14:32,65,9/5/2013 14:32,66.0,9/5/2013 14:32,68,9/5/2013 14:32,67.1
9/5/2013 14:33,65,9/5/2013 14:33,65.5,9/5/2013 14:33,68,9/5/2013 14:33,67.2
9/5/2013 14:34,65,9/5/2013 14:34,67.3,9/5/2013 14:34,68,9/5/2013 14:34,69.2
9/5/2013 14:35,65,9/5/2013 14:35,65.0,9/5/2013 14:35,68,9/5/2013 14:35,69.2
9/5/2013 14:36,65,9/5/2013 14:36,64.1,9/5/2013 14:36,68,9/5/2013 14:36,68.1
9/5/2013 14:37,65,9/5/2013 14:37,62.9,9/5/2013 14:37,68,9/5/2013 14:37,67.4
9/5/2013 14:38,65,9/5/2013 14:38,67.2,9/5/2013 14:38,68,9/5/2013 14:38,66.7
9/5/2013 14:39,65,9/5/2013 14:39,63.8,9/5/2013 14:39,68,9/5/2013 14:39,68.8
9/5/2013 14:40,65,9/5/2013 14:40,65.5,9/5/2013 14:40,68,9/5/2013 14:40,66.9
9/5/2013 14:41,65,9/5/2013 14:41,65.1,9/5/2013 14:41,68,9/5/2013 14:41,66.6
9/5/2013 14:42,65,9/5/2013 14:42,67.0,9/5/2013 14:42,68,9/5/2013 14:42,67.7
9/5/2013 14:43,65,9/5/2013 14:43,64.2,9/5/2013 14:43,68,9/5/2013 14:43,66.7
9/5/2013 14:44,65,9/5/2013 14:44,63.9,9/5/2013 14:44,68,9/5/2013 14:44,68.3
9/5/2013 14:45,65,9/5/2013 14:45,65.8,9/5/2013 14:45,68,9/5/2013 14:45,67.0
9/5/2013 14:46,65,9/5/2013 14:46,66.1,9/5/2013 14:46,68,9/5/2013 14:46,68.3
9/5/2013 14:47,65,9/5/2013 14:47,65.3,9/5/2013 14:47,68,9/5/2013 14:47,68.2
9/5/2013 14:48,65,9/5/2013 14:48,66.9,9/5/2013 14:48,68,9/5/2013 14:48,68.8
9/5/2013 14:49,65,9/5/2013 14:49,66.1,9/5/2013 14:49,68,9/5/2013 14:49,68.2
9/5/2013 14:50,65,9/5/2013 14:50,63.0,9/5/2013 14:50,68,9/5/2013 14:50,69.2
9/5/2013 14:51,65,9/5/2013 14:51,66.7,9/5/2013 14:51,68,9/5/2013 14:51,68.1
9/5/2013 14:52,65,9/5/2013 14:52,66.4,9/5/2013 14:52,68,9/5/2013 14:52,69.1
9/5/2013 14:53,65,9/5/2013 14:53,64.3,9/5/2013 14:53,68,9/5/2013 14:53,67.2
9/5/2013 14:54,65,9/5/2013 14:54,64.2,9/5/2013 14:54,68,9/5/2013 14:54,68.3
9/5/2013 14:55,65,9/5/2013 14:55,66.7,9/5/2013 14:55,68,9/5/2013 14:55,66.7
9/5/2013 14:56,65,9/5/2013 14:56,65.7,9/5/2013 14:56,68,9/5/2013 14:56,68.1
9/5/2013 14:57,65,9/5/2013 14:57,63.3,9/5/2013 14:57,68,9/5/2013 14:57,66.7
9/5/2013 14:58,65,9/5/2013 14:58,63.0,9/5/2013 14:58,68,9/5/2013 14:58,66.7
9/5/2013 14:59,65,9/5/2013 14:59,64.9,9/5/2013 14:59,68,9/5/2013 14:59,68.0
9/5/2013 15:00,65,9/5/2013 15:00,63.0,9/5/2013 15:00,68,9/5/2013 15:00,68.9
9/5/2013 15:01,65,9/5/2013 15:01,63.8,9/5/2013 15:01,68,9/5/2013 15:01,68.9
9/5/2013 15:02,65,9/5/2013 15:02,64.6,9/5/2013 15:02,68,9/5/2013 15:02,67.2
9/5/2013 15:04,65,9/5/2013 15:04,66.0,9/5/2013 15:04,68,9/5/2013 15:04,67.5
9/5/2013 15:05,65,9/5/2013 15:05,65.1,9/5/2013 15:05,68,9/5/2013 15:05,68.3
9/5/2013 15:06,65,9/5/2013 15:06,62.6,9/5/2013 15:06,68,9/5/2013 15:06,68.0
9/5/2013 15:07,65,9/5/2013 15:07,63.8,9/5/2013 15:07,68,9/5/2013 15:07,69.3
9/5/2013 15:08,65,9/5/2013 15:08,62.6,9/5/2013 15:08,68,9/5/2013 15:08,67.7
9/5/2013 15:09,65,9/5/2013 15:09,63.0,9/5/2013 15:09,68,9/5/2013 15:09,68.6
9/5/2013 15:10,65,9/5/2013 15:10,65.3,9/5/2013 15:10,68,9/5/2013 15:10,68.6
9/5/2013 15:11,65,9/5/2013 15:11,62.8,9/5/2013 15:11,68,9/5/2013 15:11,68.8
9/5/2013 15:12,65,9/5/2013 15:12,62.7,9/5/2013 15:12,68,9/5/2013 15:12,69.1
9/5/2013 15:13,65,9/5/2013 15:13,66.3,9/5/2013 15:13,68,9/5/2013 15:13,66.6
9/5/2013 15:14,65,9/5/2013 15:14,62.9,9/5/2013 15:14,68,9/5/2013 15:14,67.4
9/5/2013 15:15,65,9/5/2013 15:15,66.3,9/5/2013 15:15,68,9/5/2013 15:15,66.9
9/5/2013 15:16,65,9/5/2013 15:16,62.8,9/5/2013 15:16,68,9/5/2013 15:16,67.2
9/5/2013 15:17,65,9/5/2013 15:17,64.7,9/5/2013 15:17,68,9/5/2013 15:17,68.7
9/5/2013 15:18,65,9/5/2013 15:18,66.5,9/5/2013 15:18,68,9/5/2013 15:18,67.4
9/5/2013 15:19,65,9/5/2013 15:19,65.4,9/5/2013 15:19,68,9/5/2013 15:19,68.8
9/5/2013 15:20,65,9/5/2013 15:20,66.2,9/5/2013 15:20,68,9/5/2013 15:20,66.6
9/5/2013 15:21,65,9/5/2013 15:21,64.8,9/5/2013 15:21,68,9/5/2013 15:21,68.8
9/5/2013 15:22,65,9/5/2013 15:22,65.9,9/5/2013 15:22,68,9/5/2013 15:22,66.9
9/5/2013 15:23,65,9/5/2013 15:23,66.0,9/5/2013 15:23,68,9/5/2013 15:23,66.7
9/5/2013 15:24,65,9/5/2013 15:24,62.8,9/5/2013 15:24,68,9/5/2013 15:24,67.7
9/5/2013 15:25,65,9/5/2013 15:25,66.7,9/5/2013 15:25,68,9/5/2013 15:25,67.3
9/5/2013 15:26,65,9/5/2013 15:26,66.9,9/5/2013 15:26,68,9/5/2013 15:26,67.9
9/5/2013 15:27,65,9/5/2013 15:27,63.6,9/5/2013 15:27,68,9/5/2013 15:27,68.4
9/5/2013 15:28,65,9/5/2013 15:28,64.5,9/5/2013 15:28,68,9/5/2013 15:28,66.9
9/5/2013 15:29,65,9/5/2013 15:29,63.8,9/5/2013 15:29,68,9/5/2013 15:29,68.2
9/5/2013 15:30,65,9/5/2013 15:30,64.2,9/5/2013 15:30,68,9/5/2013 15:30,68.7
9/5/2013 15:31,65,9/5/2013 15:31,62.9,9/5/2013 15:31,68,9/5/2013 15:31,67.8
9/5/2013 15:32,65,9/5/2013 15:32,62.8,9/5/2013 15:32,68,9/5/2013 15:32,67.7
9/5/2013 15:33,65,9/5/2013 15:33,63.1,9/5/2013 15:33,68,9/5/2013 15:33,69.4
